"year","lower95","lowerhinge","median","upperhinge","upper95"
2019,202.72248,382.2192,473.6592,625.4496,2926.08
2020,173.00448,380.3904,457.2,636.4224,3108.96
2021,226.22256,334.6704,402.336,548.64,1166.59152
2022,237.744,345.6432,384.048,440.7408,640.08
2023,235.9152,347.472,387.7056,457.2,867.537
