month,year,catch
6,2006,0.049895161
6,2007,0.004535924
7,2011,131.858848477
9,2011,797.079728775
10,2011,113.377680938
6,2012,149.832899746
7,2012,298.642041512
6,2013,140.042108431
8,2013,877.924857725
9,2014,196.715299964
5,2016,0.002267962
9,2016,745.012767763
8,2018,0.000453592
8,2020,95.136463764
8,2021,916.651213531
9,2021,0.004535924
5,2023,0.000453592
8,2023,0.000453592
8,2024,0.049895161
