Year,Index
1995,231940
1998,107000
2003,24266.58302
2005,8651.6735
2007,1029090.399
2009,3396343.372
2011,5948669.13
2012,64440.67518
2013,421579.6742
2015,4665070.061
2017,1238038.108
2019,733636.6452
