,SS,CP,MS,Tribal,Total
Init. Alloc. (5/15),152327,123312,87044,77251,439934
Rev. Alloc. (9/14),169547,137252,96884,36251,
Catch,144671.5586,136960.0168,66427.88259,0,348059.458
Remaining,24875.4414,291.9832,30456.11741,36251,91874.54201
% Util Init. Alloc.,95,111,76,0,
% Util Rev. Alloc.,85,100,69,0,79
