year,n.fish,n.hauls,a1,a2,a3,a4,a5,a6,a7,a8,a9,a10,a11,a12,a13,a14,a15
2008,1757,356,0.00162059305974279,0.0978084570848295,0.404312274723029,0.0199493895763518,0.125670481649056,0.0113204874450569,0.0424656905627988,0.0336512806204525,0.235942442480598,0.0134798115486131,0.00522078300991099,0.00503040518555691,0.000261314511937319,0.00289213000973025,0.000374458532336394
2009,1323,278,0.00964192925520157,0.00861033368253375,0.331843010582587,0.428813427037047,0.0195518295004875,0.0804231908305839,0.00905110587378389,0.0128368533330016,0.00584881835980654,0.0782911170174456,0.0109025368762022,0.000720640184345959,0.00125789083586273,0.00216191891500685,4.53977161040649e-05
2010,976,331,NA,0.139097894971999,0.083037311793066,0.419375284077785,0.293130003574582,0.0126855853152386,0.0141902348633719,0.000554030733650667,0.0034065614856632,0.0018092618882478,0.0280898496217861,0.00322363841141766,NA,0.000894023114109877,0.000506320149081619
2011,1185,506,0.0692299558055541,0.167871178492517,0.530259467865326,0.0183237907097175,0.091229554972727,0.0721537550796657,0.0147262697133023,0.00688155017461967,0.00359595691302591,0.00332854264778992,0.000371731388167221,0.0179454087550735,0.00228008227322844,0.000943340519748608,0.000859414689537663
2012,981,332,NA,0.504069950005718,0.0994438704856626,0.238185498990136,0.0294996541238742,0.0530241027999937,0.027203774648187,0.0163982891382204,0.00788158846517029,0.0027529787070151,0.00469616840227739,0.00486857833797883,0.00560297585204444,0.00328532304327324,0.00308724700044817
2013,1402,474,0.00103098463389082,0.00506683816929765,0.720389118948632,0.0712218261270145,0.138043506774925,0.0150429141362462,0.011947834785273,0.0144286989319674,0.00838924272311246,0.00358122437278444,0.00242855279972556,0.000968623151649478,0.000680310819907085,0.00438668192198398,0.00239364170359019
2014,1652,557,NA,0.0412776912854362,0.0517029032432001,0.714076755530076,0.0598171813480793,0.0889352329210274,0.00889623501656134,0.0202549879485445,0.00888205677868053,0.00435487520756514,0.000883709786711671,NA,NA,0.000918370934117543,NA
2015,1263,431,0.0349499959788716,0.0166351492943468,0.0755127811788479,0.0345246903398935,0.764507367476504,0.0320138667377255,0.0216437801079497,0.00334197192324082,0.00774548888537372,0.00524957342921728,NA,0.00115693408854031,0.00122863863659303,NA,0.00148976192289537
