year,n.fish,n.hauls,a1,a2,a3,a4,a5,a6,a7,a8,a9,a10,a11,a12,a13,a14,a15
2008,1580,324,0.0120548661195653,0.0859245012526304,0.385311011260549,0.0348118011352933,0.14884644179991,0.00717303691825953,0.0273238679068074,0.0333057654539683,0.227459344291029,0.0203177681425253,0.00482369198143837,0.00733305551740957,0.00254136711090596,0.000841332680375928,0.00193214842933334
2009,1187,316,0.0203108121671833,0.00691737458390517,0.304213036007079,0.236896730299689,0.039442448006524,0.101715679295595,0.00872732303700309,0.0303540878909468,0.020707015845916,0.198118881579735,0.0190018900447538,0.00268864868349539,0.00626290069661334,0.00270007630116663,0.00194309556039466
2010,1305,443,NA,0.415886388837092,0.0134709482709029,0.36687337949392,0.128082652480719,0.0131905400787359,0.0188883456106206,0.00379310505149177,0.00214047081443085,0.00948417022325596,0.0226861415084186,0.00391616962085901,0.000386554589465409,0.00120113342008754,NA
2011,1153,481,0.0411840382359648,0.152472168021981,0.72039565632584,0.026757321206377,0.0355807543764839,0.0160354450358498,0.00204993892057555,0.00108978942837416,0.00103822753589432,0.000302377479106709,0.00112532326586229,0.00110817895581075,0.000285866091499882,0.000324972259997727,0.000249942860382026
2012,884,299,0.00702873008845018,0.764436509218121,0.0587788229695623,0.130922152957908,0.0134306094738957,0.00843651808850042,0.00874587076463124,0.0032097086049739,0.000720888574667948,NA,0.000917212622952184,0.000443455784816451,0.0010195934259974,0.000712159538583006,0.00119776788694083
2013,1215,409,NA,0.011943331099766,0.831555521706791,0.0451646973882386,0.0750772374298506,0.00248464280423815,0.00958716569940582,0.0117662529609301,0.00134932677737539,0.00191383773580292,0.00149035325104063,0.000465427138325491,0.00234298955121169,0.00346254937725824,0.00139666707976579
2014,1184,400,NA,0.0509415744434943,0.0373875701952866,0.741318390998681,0.0448652223236441,0.0784583194776937,0.00981096010579209,0.0136527125337354,0.00949729868187543,0.00559099992805435,0.00120718342087727,0.000837108515264507,NA,0.00144582860369895,0.0049868307719022
2015,601,203,0.0181538018495784,0.00645882501786759,0.104101143257324,0.0477541485170228,0.714108591787264,0.03999632675119,0.0412553277046473,0.0106993051223195,0.00626303127114672,0.00830614253180435,0.00290335618983533,NA,NA,NA,NA
