month,year,catch
6,2006,0.0498952200379204
6,2007,0.0045359290943564
7,2011,131.859005180031
9,2011,797.080676034872
10,2011,113.377815677985
6,2012,149.833077809328
7,2012,298.642396422059
6,2013,140.042274859159
8,2013,877.925901062315
9,2014,196.715533742777
