month,year,catch
6,2006,0.049895161
6,2007,0.004535924
7,2011,131.8588485
9,2011,797.0797288
10,2011,113.3776809
6,2012,149.8328997
7,2012,298.6420415
6,2013,140.0421084
8,2013,877.9248577
9,2014,196.7153
5,2016,0.002267962
9,2016,571.9584751
