year,n.trips,a1,a2,a3,a4,a5,a6,a7,a8,a9,a10,a11,a12,a13,a14,a15
2008,63,0.0187565216570702,0.138595760650897,0.260904163086035,0.0232228319823634,0.217116453316342,0.0134437622772283,0.0384523804188483,0.028678273874834,0.219937444123519,0.0198639756451722,0.00994819263040624,0.00416677587440031,0.00220697342446519,0.00228471031589537,0.00242178072252396
2009,66,0,0.00283824543123169,0.448404732150708,0.283444470366198,0.0222020965116912,0.0897978114506209,0.00514387915742936,0.0180507860008412,0.0167525611782928,0.0850022417173833,0.0120918065072897,0.00592440939359497,0.00579010028776759,0.00075157843520361,0.00380528141174764
2010,75,0.000908050768783155,0.328967192246116,0.0192563324034666,0.373695276596467,0.162963580225647,0.0164064682361497,0.0295777943581473,0.00139172787380446,0.00662968289755927,0.0100537632165432,0.0386861770421204,0.00698807339346902,0.00139674882714325,0,0.003079131914584
2011,81,0.000539949813020926,0.0269814864876018,0.869757968824598,0.0342116920763517,0.0300278866353584,0.0167934787487744,0.00412704580067249,0.00541297609844548,0.00358058590537711,0.00159728371759078,0,0.00556052693459845,0.000908609670353406,0,0.000500509287256893
2012,76,0,0.229061350037124,0.189188154349756,0.511042789045135,0.0152316505710316,0.0238688923622753,0.0117694524222766,0.00657494206200829,0.00287081246452669,0.000683568944276996,0,0.00331910978786113,0.00225071811070961,0.00195171895286722,0.00218684089015129
2013,96,0,0.00366148468565208,0.792844716668104,0.0592734626513704,0.097820342257851,0.00674079963785469,0.013792422730548,0.0101599546801106,0.00364548453640281,0.00367910740702291,0.00132339067637321,0.000357227746481892,0.000934336383605576,0.00311177707795431,0.00265549286066904
2014,68,0,0.0217851817123383,0.0300007085075815,0.63952410861183,0.0841259577241675,0.151993989776579,0.0132383346388675,0.0244054784727019,0.0169695619488004,0.00643996558031469,0.00231282560061368,0,0.00202890250883604,0.00204121137974418,0.00513377353762468
2015,79,0.0624686435416088,0.0133049011504752,0.0742917758112463,0.0498487331139421,0.668855674301015,0.0403800045447654,0.0514018601227247,0.00821608916146401,0.010577887217551,0.0129121829953228,0.00255850217505861,0.00181766972209494,0,0,0.00336607614273114
